nombre y apellido,hijos,hermanos,tios,primos,sobrinos,padre,madre,pareja,abuelo,bisabuelo,tatarabuelo,antepasados,
Victor Bouvier,Victor Bouvier Jr.,,,,,,,Florette DuChamps,,,,,
Florette DuChamps,Victor Bouvier Jr.,,,,,,,Victor Bouvier,,,,,
Victor Bouvier Jr.,Yves Bouvier;Honoré Bouvier;Didi Bouvier,,,,,Victor Bouvier,Gabrielle Gateau,Florette DuChamps,,,,,
Gabrielle Gateau,Yves Bouvier;Honoré Bouvier;Didi Bouvier,,,,,,,Victor Bouvier Jr.,,,,,
Honoré Bouvier,,Didi Bouvier;Yves Bouvier,,,Marcel Bouvier;Fr. René Bouvier;Théo Bouvier;Cléo Bouvier,Victor Bouvier Jr.,Gabrielle Gateau,,Victor Bouvier;Florette DuChamps,,,,
Didi Bouvier,,Honoré Bouvier;Yves Bouvier,,,Marcel Bouvier;Fr. René Bouvier;Théo Bouvier;Cléo Bouvier,Victor Bouvier Jr.,Gabrielle Gateau,,Victor Bouvier;Florette DuChamps,,,,
Yves Bouvier,Marcel Bouvier;Fr. René Bouvier;Théo Bouvier;Cléo Bouvier,Honoré Bouvier;Didi Bouvier,,,,Victor Bouvier Jr.,Gabrielle Gateau,Marie Trousseau,Victor Bouvier;Florette DuChamps,,,,
Marie Trousseau,Marcel Bouvier;Fr. René Bouvier;Théo Bouvier;Cléo Bouvier,,,,,,,Yves Bouvier,,,,,
Cléo Bouvier,,Marcel Bouvier;Fr. René Bouvier;Théo Bouvier;Cléo Bouvier,Honoré Bouvier;Didi Bouvier,,Lance Bouvier;Alfred Bouvier;Erique Bouvier;Georgette Bouvier;Babette Bouvier;Etienne Bouvier;Charlemagne Bouvier;Jacques Bouvier,Yves Bouvier,Marie Trousseau,,Victor Bouvier Jr.;Grabielle Gateau,Victor Bouvier;Florette DuChamps,,,
Théo Bouvier,,,Honoré Bouvier;Didi Bouvier,,Lance Bouvier;Alfred Bouvier;Erique Bouvier;Georgette Bouvier;Babette Bouvier;Etienne Bouvier;Charlemagne Bouvier;Jacques Bouvier,Yves Bouvier,Marie Trousseau,,Victor Bouvier Jr.;Grabielle Gateau,Victor Bouvier;Florette DuChamps,,,
Fr. René Bouvier,,Marcel Bouvier;Théo Bouvier;Cléo Bouvier,Honoré Bouvier;Didi Bouvier,,Lance Bouvier;Alfred Bouvier;Erique Bouvier;Georgette Bouvier;Babette Bouvier;Etienne Bouvier;Charlemagne Bouvier;Jacques Bouvier,Yves Bouvier,Marie Trousseau,,Victor Bouvier Jr.;Grabielle Gateau,Victor Bouvier;Florette DuChamps,,,
Marcel Bouvier,Lance Bouvier;Alfred Bouvier;Erique Bouvier;Georgette Bouvier;Babette Bouvier;Etienne Bouvier;Charlemagne Bouvier;Jacques Bouvier,Fr. René Bouvier;Théo Bouvier;Cléo Bouvier,Honoré Bouvier;Didi Bouvier,,,Yves Bouvier,Marie Trousseau,Angelique Marceau,Victor Bouvier Jr.;Grabielle Gateau,Victor Bouvier;Florette DuChamps,,,
Angelique Marceau,Lance Bouvier;Alfred Bouvier;Erique Bouvier;Georgette Bouvier;Babette Bouvier;Etienne Bouvier;Charlemagne Bouvier;Jacques Bouvier,,,,,,,Marcel Bouvier,,,,,
Lance Bouvier,,Alfred Bouvier;Erique Bouvier;Georgette Bouvier;Babette Bouvier;Etienne Bouvier;Charlemagne Bouvier;Jacques Bouvier,Fr. René Bouvier;Théo Bouvier;Cléo Bouvier,,Pépé Bouvier;Coquette Bouvier;Fifi Bouvier;Lalique Bouvier;Monique Bouvier,Marcel Bouvier,Angelique Marceau,,Yves Bouvier;Marie Trousseau,Victor Bouvier Jr.;Grabielle Gateau,Victor Bouvier;Florette DuChamps,,
Alfred Bouvier,,Lance Bouvier;Erique Bouvier;Georgette Bouvier;Babette Bouvier;Etienne Bouvier;Charlemagne Bouvier;Jacques Bouvier,Fr. René Bouvier;Théo Bouvier;Cléo Bouvier,,Pépé Bouvier;Coquette Bouvier;Fifi Bouvier;Lalique Bouvier;Monique Bouvier,Marcel Bouvier,Angelique Marceau,,Yves Bouvier;Marie Trousseau,Victor Bouvier Jr.;Grabielle Gateau,Victor Bouvier;Florette DuChamps,,
Erique Bouvier,,Lance Bouvier;Alfred Bouvier;Georgette Bouvier;Babette Bouvier;Etienne Bouvier;Charlemagne Bouvier;Jacques Bouvier,Fr. René Bouvier;Théo Bouvier;Cléo Bouvier,,Pépé Bouvier;Coquette Bouvier;Fifi Bouvier;Lalique Bouvier;Monique Bouvier,Marcel Bouvier,Angelique Marceau,,Yves Bouvier;Marie Trousseau,Victor Bouvier Jr.;Grabielle Gateau,Victor Bouvier;Florette DuChamps,,
Georgette Bouvier,,Lance Bouvier;Alfred Bouvier;Erique Bouvier;Babette Bouvier;Etienne Bouvier;Charlemagne Bouvier;Jacques Bouvier,Fr. René Bouvier;Théo Bouvier;Cléo Bouvier,,Pépé Bouvier;Coquette Bouvier;Fifi Bouvier;Lalique Bouvier;Monique Bouvier,Marcel Bouvier,Angelique Marceau,,Yves Bouvier;Marie Trousseau,Victor Bouvier Jr.;Grabielle Gateau,Victor Bouvier;Florette DuChamps,,
Babette Bouvier,,Lance Bouvier;Alfred Bouvier;Erique Bouvier;Georgette Bouvier;Etienne Bouvier;Charlemagne Bouvier;Jacques Bouvier,Fr. René Bouvier;Théo Bouvier;Cléo Bouvier,,Pépé Bouvier;Coquette Bouvier;Fifi Bouvier;Lalique Bouvier;Monique Bouvier,Marcel Bouvier,Angelique Marceau,,Yves Bouvier;Marie Trousseau,Victor Bouvier Jr.;Grabielle Gateau,Victor Bouvier;Florette DuChamps,,
Etienne Bouvier,,Lance Bouvier;Alfred Bouvier;Erique Bouvier;Georgette Bouvier;Babette Bouvier;Charlemagne Bouvier;Jacques Bouvier,Fr. René Bouvier;Théo Bouvier;Cléo Bouvier,,Pépé Bouvier;Coquette Bouvier;Fifi Bouvier;Lalique Bouvier;Monique Bouvier,Marcel Bouvier,Angelique Marceau,,Yves Bouvier;Marie Trousseau,Victor Bouvier Jr.;Grabielle Gateau,Victor Bouvier;Florette DuChamps,,
Charlemagne Bouvier,,Lance Bouvier;Alfred Bouvier;Erique Bouvier;Georgette Bouvier;Babette Bouvier;Etienne Bouvier;Jacques Bouvier,Fr. René Bouvier;Théo Bouvier;Cléo Bouvier,,Pépé Bouvier;Coquette Bouvier;Fifi Bouvier;Lalique Bouvier;Monique Bouvier,Marcel Bouvier,Angelique Marceau,,Yves Bouvier;Marie Trousseau,Victor Bouvier Jr.;Grabielle Gateau,Victor Bouvier;Florette DuChamps,,
Jacques Bouvier,Pépé Bouvier;Coquette Bouvier;Fifi Bouvier;Lalique Bouvier;Monique Bouvier,Lance Bouvier;Alfred Bouvier;Erique Bouvier;Georgette Bouvier;Babette Bouvier;Etienne Bouvier;Charlemagne Bouvier,Fr. René Bouvier;Théo Bouvier;Cléo Bouvier,,Pépé Bouvier;Coquette Bouvier;Fifi Bouvier;Lalique Bouvier;Monique Bouvier,Marcel Bouvier,Angelique Marceau,Françoise Billout,Yves Bouvier;Marie Trousseau,Victor Bouvier Jr.;Grabielle Gateau,Victor Bouvier;Florette DuChamps,,
Françoise Billout,Pépé Bouvier;Coquette Bouvier;Fifi Bouvier;Lalique Bouvier;Monique Bouvier,,,,,,,Jacques Bouvier,,,,,
Coquette Bouvier,,Pépé Bouvier;Fifi Bouvier;Lalique Bouvier;Monique Bouvier,Lance Bouvier;Alfred Bouvier;Erique Bouvier;Georgette Bouvier;Babette Bouvier;Etienne Bouvier;Charlemagne Bouvier,,Clancy Bouvier;Chester Bouvier;Jonah Jo-jo Bouvier,Jacques Bouvier,Françoise Billout,,Marcel Bouvier;Angelique Marceau,Yves Bouvier;Marie Trousseau,Victor Bouvier Jr.;Grabielle Gateau,Victor Bouvier;Florette DuChamps,
Fifi Bouvier,,Pépé Bouvier;Coquette Bouvier;Lalique Bouvier;Monique Bouvier,Lance Bouvier;Alfred Bouvier;Erique Bouvier;Georgette Bouvier;Babette Bouvier;Etienne Bouvier;Charlemagne Bouvier,,Clancy Bouvier;Chester Bouvier;Jonah Jo-jo Bouvier,Jacques Bouvier,Françoise Billout,,Marcel Bouvier;Angelique Marceau,Yves Bouvier;Marie Trousseau,Victor Bouvier Jr.;Grabielle Gateau,Victor Bouvier;Florette DuChamps,
Lalique Bouvier,,Pépé Bouvier;Coquette Bouvier;Fifi Bouvier;Monique Bouvier,Lance Bouvier;Alfred Bouvier;Erique Bouvier;Georgette Bouvier;Babette Bouvier;Etienne Bouvier;Charlemagne Bouvier,,Clancy Bouvier;Chester Bouvier;Jonah Jo-jo Bouvier,Jacques Bouvier,Françoise Billout,,Marcel Bouvier;Angelique Marceau,Yves Bouvier;Marie Trousseau,Victor Bouvier Jr.;Grabielle Gateau,Victor Bouvier;Florette DuChamps,
Monique Bouvier,,Pépé Bouvier;Coquette Bouvier;Fifi Bouvier;Lalique Bouvier,Lance Bouvier;Alfred Bouvier;Erique Bouvier;Georgette Bouvier;Babette Bouvier;Etienne Bouvier;Charlemagne Bouvier,,Clancy Bouvier;Chester Bouvier;Jonah Jo-jo Bouvier,Jacques Bouvier,Françoise Billout,,Marcel Bouvier;Angelique Marceau,Yves Bouvier;Marie Trousseau,Victor Bouvier Jr.;Grabielle Gateau,Victor Bouvier;Florette DuChamps,
Pépé Bouvier,Clancy Bouvier;Chester Bouvier;Jonah Jo-jo Bouvier,Coquette Bouvier;Fifi Bouvier;Lalique Bouvier;Monique Bouvier,Lance Bouvier;Alfred Bouvier;Erique Bouvier;Georgette Bouvier;Babette Bouvier;Etienne Bouvier;Charlemagne Bouvier,,,Jacques Bouvier,Françoise Billout,Bambi Petitbois,Marcel Bouvier;Angelique Marceau,Yves Bouvier;Marie Trousseau,Victor Bouvier Jr.;Grabielle Gateau,Victor Bouvier;Florette DuChamps,Etienne Bouvier
Bambi Petitbois,Clancy Bouvier;Chester Bouvier;Jonah Jo-jo Bouvier,,,,,,,Pépé Bouvier,,,,,
Chester Bouvier,,Jonah Jo-jo Bouvier;Clancy Bouvier,Coquette Bouvier;Fifi Bouvier;Lalique Bouvier;Monique Bouvier,,Selma Bouvier;Patricia Bouvier;Marjorie J. Bouvier,Pépé Bouvier,Bambi Petitbois,,Jacques Bouvier;Françoise Billout,Marcel Bouvier;Angelique Marceau,Yves Bouvier;Marie Trousseau,Victor Bouvier Jr.;Grabielle Gateau;Victor Bouvier;Florette DuChamps,
Jonah Jo-jo Bouvier,,Clancy Bouvier;Chester Bouvier,Coquette Bouvier;Fifi Bouvier;Lalique Bouvier;Monique Bouvier,,Selma Bouvier;Patricia Bouvier;Marjorie J. Bouvier,Pépé Bouvier,Bambi Petitbois,,Jacques Bouvier;Françoise Billout,Marcel Bouvier;Angelique Marceau,Yves Bouvier;Marie Trousseau,Victor Bouvier Jr.;Grabielle Gateau;Victor Bouvier;Florette DuChamps,
Clancy Bouvier,Selma Bouvier;Patricia Bouvier;Marjorie J. Bouvier,Chester Bouvier;Jonah Jo-jo Bouvier,Coquette Bouvier;Fifi Bouvier;Lalique Bouvier;Monique Bouvier,,,Pépé Bouvier,Bambi Petitbois,Jacqueline Ingrid Gurney,Jacques Bouvier;Françoise Billout,Marcel Bouvier;Angelique Marceau,Yves Bouvier;Marie Trousseau,Victor Bouvier Jr.;Grabielle Gateau;Victor Bouvier;Florette DuChamps,
Jacqueline Ingrid Gurney,Selma Bouvier;Patricia Bouvier;Marjorie J. Bouvier,,,,,,,Clancy Bouvier,,,,,
Selma Bouvier,Ling Bouvier,Patricia Bouvier;Marjorie J. Bouvier,Chester Bouvier;Jonah Jo-jo Bouvier,,Margaret Simpson;Lisa Marie Simpson;Bartholomew Jo-jo Simpson,Clancy Bouvier,Jacqueline Ingrid Gurney,,Pépé Bouvier;Bambi Petitbois,Jacques Bouvier;Françoise Billout,Marcel Bouvier;Angelique Marceau,Yves Bouvier;Marie Trousseau;Victor Bouvier Jr.;Grabielle Gateau;Victor Bouvier;Florette DuChamps,
Patricia Bouvier,,Selma Bouvier;Marjorie J. Bouvier,Chester Bouvier;Jonah Jo-jo Bouvier,,Margaret Simpson;Lisa Marie Simpson;Bartholomew Jo-jo Simpson,Clancy Bouvier,Jacqueline Ingrid Gurney,,Pépé Bouvier;Bambi Petitbois,Jacques Bouvier;Françoise Billout,Marcel Bouvier;Angelique Marceau,Yves Bouvier;Marie Trousseau;Victor Bouvier Jr.;Grabielle Gateau;Victor Bouvier;Florette DuChamps,
Marjorie J. Bouvier,Margaret Simpson;Lisa Marie Simpson;Bartholomew Jo-jo Simpson,Selma Bouvier;Patricia Bouvier,Chester Bouvier;Jonah Jo-jo Bouvier,,Ling Bouvier,Clancy Bouvier,Jacqueline Ingrid Gurney,Homer Jay Simpson,Pépé Bouvier;Bambi Petitbois,Jacques Bouvier;Françoise Billout,Marcel Bouvier;Angelique Marceau,Yves Bouvier;Marie Trousseau;Victor Bouvier Jr.;Grabielle Gateau;Victor Bouvier;Florette DuChamps,
Homer Jay Simpson,Margaret Simpson;Lisa Marie Simpson;Bartholomew Jo-jo Simpson,,,,,,,Marjorie J. Bouvier,,,,,
Ling Bouvier,,,Patricia Bouvier,Marjorie J. Bouvier;Margaret Simpson;Lisa Marie Simpson;Bartholomew Jo-jo Simpson,,,Selma Bouvier,,Clancy Bouvier;Jacqueline Ingrid Gurney,Pépé Bouvier;Bambi Petitbois,Jacques Bouvier;Françoise Billout,Marcel Bouvier;Angelique Marceau;Yves Bouvier;Marie Trousseau;Victor Bouvier Jr.;Grabielle Gateau;Victor Bouvier;Florette DuChamps,
Margaret Simpson,,Lisa Marie Simpson;Bartholomew Jo-jo Simpson,Selma Bouvier;Patricia Bouvier,Ling Bouvier,,Homer Jay Simpson,Marjorie J. Bouvier,,Clancy Bouvier;Jacqueline Ingrid Gurney,Pépé Bouvier;Bambi Petitbois,Jacques Bouvier;Françoise Billout,Marcel Bouvier;Angelique Marceau;Yves Bouvier;Marie Trousseau;Victor Bouvier Jr.;Grabielle Gateau;Victor Bouvier;Florette DuChamps,
Lisa Marie Simpson,,Margaret Simpson;Bartholomew Jo-jo Simpson,Selma Bouvier;Patricia Bouvier,Ling Bouvier,,Homer Jay Simpson,Marjorie J. Bouvier,,Clancy Bouvier;Jacqueline Ingrid Gurney,Pépé Bouvier;Bambi Petitbois,Jacques Bouvier;Françoise Billout,Marcel Bouvier;Angelique Marceau;Yves Bouvier;Marie Trousseau;Victor Bouvier Jr.;Grabielle Gateau;Victor Bouvier;Florette DuChamps,
Bartholomew Jo-jo Simpson,,Margaret Simpson,Selma Bouvier;Patricia Bouvier,Ling Bouvier,,Homer Jay Simpson,Marjorie J. Bouvier,,Clancy Bouvier;Jacqueline Ingrid Gurney,Pépé Bouvier;Bambi Petitbois,Jacques Bouvier;Françoise Billout,Marcel Bouvier;Angelique Marceau;Yves Bouvier;Marie Trousseau;Victor Bouvier Jr.;Grabielle Gateau;Victor Bouvier;Florette DuChamps,
